QueryID	SubjectID	RawScore	%coverage	PBSscore	BioSample	Title
AB472687.1	SRR8666056	142.47	98.62	98.62	SAMN11046448	Human gut microbial communities from healthy child feces
AB472687.1	DRR162456	125.49	86.90	86.86	SAMD00149268	Gut metagenome in cardiovascular diseases
AB472687.1	SRR11927815	120.49	83.45	83.40	SAMN15103585	Dysbiosis in metabolic genes of the gut microbiomes of patients with a Pouch
AB472687.1	DRR162431	119.49	82.76	82.71	SAMD00149243	Gut metagenome in cardiovascular diseases
AB472687.1	DRR162436	119.49	82.76	82.71	SAMD00149248	Gut metagenome in cardiovascular diseases
AB472687.1	DRR162437	119.49	82.76	82.71	SAMD00149249	Gut metagenome in cardiovascular diseases
AB472687.1	ERR2271043	119.49	82.76	82.71	SAMEA104549711	Metagenomic characterization of the human intestinal microbiota in faecal samples from STEC-infected patients
AB472687.1	SRR14000826	119.49	82.76	82.71	SAMN18354190	COPSAC corhot study of infant gut microbiome
AB472687.1	SRR14017437	119.49	82.76	82.71	SAMN18385919	COPSAC corhot study of infant gut microbiome
AB472687.1	SRR14017512	119.49	82.76	82.71	SAMN18385850	COPSAC corhot study of infant gut microbiome
AB472687.1	SRR14017540	119.49	82.76	82.71	SAMN18385825	COPSAC corhot study of infant gut microbiome
AB472687.1	SRR16188891	119.49	82.76	82.71	SAMN22039218	Metagenomic sequencing of UC patients subjected to FMT and FMT-donors
AB472687.1	DRR162449	118.49	82.07	82.02	SAMD00149261	Gut metagenome in cardiovascular diseases
AB472687.1	SRR8898552	116.51	80.69	80.65	SAMN11273932	Pro-inflammatory and autoimmunogenic gut microbiome in systemic lupus erythematosus
AB472687.1	ERR525924	116.50	80.69	80.65	SAMEA2580141	Dynamics and Stabilization of the Human Gut Microbiome during the First Year of Life
AB472687.1	SRR7533037	114.52	79.31	79.27	SAMN09641624	panda gut metagenome raw sequence reads Raw sequence reads
AB472687.1	DRR162448	113.51	78.62	78.57	SAMD00149260	Gut metagenome in cardiovascular diseases
AB472687.1	SRR7533020	112.53	77.93	77.90	SAMN09641621	panda gut metagenome raw sequence reads Raw sequence reads
AB472687.1	SRR7533021	112.53	77.93	77.90	SAMN09641622	panda gut metagenome raw sequence reads Raw sequence reads
AB472687.1	SRR7533038	112.53	77.93	77.90	SAMN09641623	panda gut metagenome raw sequence reads Raw sequence reads
AB472687.1	SRR14000820	109.52	75.86	75.81	SAMN18354196	COPSAC corhot study of infant gut microbiome
AB472687.1	SRR13837295	109.52	75.86	75.81	SAMN18117780	GUT MICROBIOME IN ALLERGIC CHILDREN
AB472687.1	DRR162441	108.57	75.17	75.16	SAMD00149253	Gut metagenome in cardiovascular diseases
AB472687.1	SRR7532997	108.55	75.17	75.14	SAMN09641649	panda gut metagenome raw sequence reads Raw sequence reads
AB472687.1	SRR14842407	108.54	75.17	75.13	SAMN19735663	Global Canine Shotgun Microbiomes
AB472687.1	SRR9098778	107.55	74.48	74.45	SAMN11793097	feces metagenome Raw sequence reads
AB472687.1	SRR7532996	104.55	72.41	72.37	SAMN09641650	panda gut metagenome raw sequence reads Raw sequence reads
AB472687.1	SRR7532986	103.56	71.72	71.69	SAMN09641652	panda gut metagenome raw sequence reads Raw sequence reads
AB472687.1	SRR7532987	103.56	71.72	71.68	SAMN09641651	panda gut metagenome raw sequence reads Raw sequence reads
AB472687.1	SRR7533066	99.57	68.97	68.92	SAMN09641593	panda gut metagenome raw sequence reads Raw sequence reads
AB472687.1	SRR7533067	99.57	68.97	68.92	SAMN09641594	panda gut metagenome raw sequence reads Raw sequence reads
AB472687.1	SRR9865450	92.62	64.14	64.11	SAMN09980800	Human infant gut metagenome, infant shotgun sequencing
AB472687.1	SRR13740030	90.63	62.76	62.73	SAMN17618812	Human gut metagenomes of healthy mothers and their children
AB472687.1	ERR3405218	84.69	58.62	58.62	SAMEA5617822	Early_life_microbiota_colonisation
AB472687.1	ERR3406076	82.62	57.24	57.19	SAMEA5618229	Early_life_microbiota_colonisation
AB472687.1	SRR8925807	79.70	55.17	55.17	SAMN11458244	Metagenome of feedstock samples for 56 full-scale biogas plants in China
AB472687.1	SRR1749289	67.72	46.90	46.88	SAMN03270666	New York City MTA subway samples Metagenome
AB472687.1	SRR14000897	56.74	39.31	39.28	SAMN18354147	COPSAC corhot study of infant gut microbiome
AB472687.1	ERR3406093	49.80	34.48	34.47	SAMEA5618217	Early_life_microbiota_colonisation
AB472687.1	SRR14000919	49.74	34.48	34.43	SAMN18354127	COPSAC corhot study of infant gut microbiome
AB472687.1	SRR12324985	48.80	33.79	33.78	SAMN15643077	Factors associated with the microbiome in moderate-late preterm babies - the DIAMOND trial - Shotgun Metagenomic data
AB472687.1	SRR14017620	45.83	31.72	31.73	SAMN18385754	COPSAC corhot study of infant gut microbiome
AB472687.1	ERR2744090	38.87	26.90	26.90	SAMEA4838147	Moderate-intensity aerobic and resistance exercise is safe and favourably influences body composition in patients with quiescent Inflammatory Bowel Disease. A randomized cross-over trial
AB472687.1	ERR3211582	37.87	26.21	26.21	SAMEA5414227	Metagenomic assessment of the effect of sample processing on different microbiomes
AB472687.1	SRR824148	36.85	25.52	25.51	SAMN02029044	Pigeon metagenome
AB472687.1	ERR6001999	35.85	24.83	24.82	SAMEA8899437	Different development status of gut microbiome link to the dysbiosis of gut ecosystem in early childhood with atopic dermatitis
AB472687.1	SRR10691962	30.89	21.38	21.38	SAMN13246726	human gut metagenome Metagenome
AB472687.1	SRR17317415	29.79	20.69	20.62	SAMN24337962	The difference between diarrhea piglets and normal piglets
AB472687.1	SRR7532988	29.79	20.69	20.62	SAMN09641552	panda gut metagenome raw sequence reads Raw sequence reads
AB472687.1	ERR1135379	28.79	20.00	19.93	SAMEA3663206	The Pig’s other genome: a reference gene catalogue of the gut microbiome
AB472687.1	ERR1135382	28.79	20.00	19.93	SAMEA3663209	The Pig’s other genome: a reference gene catalogue of the gut microbiome
AB472687.1	ERR1135385	28.79	20.00	19.93	SAMEA3663212	The Pig’s other genome: a reference gene catalogue of the gut microbiome
AB472687.1	ERR1135388	28.79	20.00	19.93	SAMEA3663215	The Pig’s other genome: a reference gene catalogue of the gut microbiome
AB472687.1	ERR2020037	28.79	20.00	19.93	SAMEA104144127	We studied the effect of different zinc sources on the intestinal microbiome in weaned pigs
AB472687.1	SRR13517648	28.79	20.00	19.93	SAMN17521793	Metagenomics of antimicrobial and heavy metal resistance in the cecal microbiome of fattening pigs raised without antibiotics
AB472687.1	SRR13826161	28.79	20.00	19.93	SAMN16925175	Metagenome study of patients with Budd-Chiari syndrome
AB472687.1	SRR14099373	28.79	20.00	19.93	SAMN16925175	Metagenome study of patients with Budd-Chiari syndrome
AB472687.1	SRR17317414	28.79	20.00	19.93	SAMN24337966	The difference between diarrhea piglets and normal piglets
AB472687.1	SRR17317416	28.79	20.00	19.93	SAMN24337964	The difference between diarrhea piglets and normal piglets
AB472687.1	SRR7532989	28.79	20.00	19.93	SAMN09641551	panda gut metagenome raw sequence reads Raw sequence reads
AB472687.1	SRR12390982	26.91	18.62	18.63	SAMN15733939	Metagenome of wastewater-derived enrichment cultures with different culture media
AB472687.1	ERR1135378	26.81	18.62	18.56	SAMEA3663205	The Pig’s other genome: a reference gene catalogue of the gut microbiome
AB472687.1	SRR13740029	25.85	17.93	17.89	SAMN17618813	Human gut metagenomes of healthy mothers and their children
AB472687.1	ERR2380891	25.81	17.93	17.87	SAMEA104674556	EQ.128.130507_meta
AB472687.1	SRR16188868	24.91	17.24	17.24	SAMN22039239	Metagenomic sequencing of UC patients subjected to FMT and FMT-donors
AB472687.1	SRR4425662	24.82	17.24	17.18	SAMN05597107	Composite fecal samples and WWTP biosolids Raw sequence reads
AB472687.1	ERR1135386	24.82	17.24	17.18	SAMEA3663213	The Pig’s other genome: a reference gene catalogue of the gut microbiome
AB472687.1	SRR11489779	22.83	15.86	15.81	SAMN14543228	Global studies of microbial diversity in pig gut
AB472687.1	ERR3574524	22.83	15.86	15.81	SAMEA5989477	Detailed study at the genetic level at bacteria in farm animals, human/animal sewage, sewage treatment works and rivers, to work out the complex network of transmission of important antibiotic-resistant bacteria and antibiotic resistance genes
AB472687.1	SRR14017533	22.83	15.86	15.80	SAMN18385831	COPSAC corhot study of infant gut microbiome
AB472687.1	SRR14001021	21.93	15.17	15.18	SAMN18354230	COPSAC corhot study of infant gut microbiome
AB472687.1	SRR10378024	21.93	15.17	15.18	SAMN13166027	chicken gut resistome
AB472687.1	ERR3405175	21.89	15.17	15.15	SAMEA5617820	Early_life_microbiota_colonisation
AB472687.1	SRR8560601	20.93	14.48	14.49	SAMN10915310	Antibiotic resistance genes and their associated bacteria in wastewater in gravity sewers
AB472687.1	ERR3502022	20.85	14.48	14.43	SAMEA5925635	A cross-sectional study of compositional and functional profiles of gut microbiota in Sardinian centenarians
AB472687.1	SRR12447082	20.85	14.48	14.43	SAMN15805249	Swine Feedlot Wastewater metagenome (bacterial and phages)
AB472687.1	ERR7197554	20.85	14.48	14.43	SAMEA10535609	Hi-C metagenomics study on faecal microbiomes from 5-5 British low- and high-antimicrobial use pig farms
AB472687.1	ERR3574334	20.84	14.48	14.43	SAMEA5989477	Detailed study at the genetic level at bacteria in farm animals, human/animal sewage, sewage treatment works and rivers, to work out the complex network of transmission of important antibiotic-resistant bacteria and antibiotic resistance genes
AB472687.1	ERR3574232	19.94	13.79	13.80	SAMEA5989477	Detailed study at the genetic level at bacteria in farm animals, human/animal sewage, sewage treatment works and rivers, to work out the complex network of transmission of important antibiotic-resistant bacteria and antibiotic resistance genes
AB472687.1	SRR6714134	19.93	13.79	13.80	SAMN04382283	Human feces metagenome 16s rDNA sequencing
AB472687.1	SRR9075177	19.93	13.79	13.80	SAMN11664618	feces metagenome Raw sequence reads
AB472687.1	SRR14000825	19.87	13.79	13.75	SAMN18354191	COPSAC corhot study of infant gut microbiome
AB472687.1	ERR1135221	19.86	13.79	13.75	SAMEA3663048	The Pig’s other genome: a reference gene catalogue of the gut microbiome
AB472687.1	SRR14017471	19.86	13.79	13.75	SAMN18385888	COPSAC corhot study of infant gut microbiome
AB472687.1	SRR14759167	19.86	13.79	13.74	SAMN19581813	Study of microbes related to fiber degradation in gut of pigs
AB472687.1	ERR1135389	19.85	13.79	13.74	SAMEA3663216	The Pig’s other genome: a reference gene catalogue of the gut microbiome
AB472687.1	SRR10121572	19.85	13.79	13.74	SAMN12751410	fecal sample Raw sequence reads
AB472687.1	ERR3451229	18.94	13.10	13.11	SAMEA5814039	Whole shotgun metagenomic sequencing for 1,004 individuals belonging to the TwinsUK cohort.  Supporting data for: Visconti et al, Interplay between the human gut microbiome and host metabolism
AB472687.1	ERR2597391	18.87	13.10	13.06	SAMEA4688905	VETII samples
AB472687.1	ERR3574516	18.87	13.10	13.06	SAMEA5989477	Detailed study at the genetic level at bacteria in farm animals, human/animal sewage, sewage treatment works and rivers, to work out the complex network of transmission of important antibiotic-resistant bacteria and antibiotic resistance genes
AB472687.1	SRR8925792	18.86	13.10	13.06	SAMN11458256	Metagenome of feedstock samples for 56 full-scale biogas plants in China
AB472687.1	ERR3211778	18.86	13.10	13.06	SAMEA5414423	Metagenomic assessment of the effect of sample processing on different microbiomes
AB472687.1	ERR3393539	18.86	13.10	13.06	SAMEA5733042	Animal gut microbiome
AB472687.1	ERR3574520	18.86	13.10	13.06	SAMEA5989477	Detailed study at the genetic level at bacteria in farm animals, human/animal sewage, sewage treatment works and rivers, to work out the complex network of transmission of important antibiotic-resistant bacteria and antibiotic resistance genes
AB472687.1	SRR17317413	18.86	13.10	13.05	SAMN24337968	The difference between diarrhea piglets and normal piglets
AB472687.1	ERR3229891	17.95	12.41	12.42	SAMEA104565233	RLBUHT_Cdiff
AB472687.1	ERR4678586	17.91	12.41	12.40	SAMEA7426286	Global surveillance of antimicrobial resistance - batch November 2018
AB472687.1	ERR3211887	17.88	12.41	12.37	SAMEA5414532	Metagenomic assessment of the effect of sample processing on different microbiomes
AB472687.1	ERR2241745	17.87	12.41	12.37	SAMEA104467248	As part of the EFFORT project, we sampled feces from pig and poultry livestock in nine European countries (BE, BG, DK, FR, ES, GE, NL, PL, SP). More than 9000 animals were sampled, across 181 pig and 178 poultry herds to generate herd-level composite fecal samples. Using shotgun metagenomics, we have quantified and characterized the antimicrobial resistance gene pools (resistomes) in Europe's two most intensively raised livestock species.
AB472687.1	SRR14000827	16.94	11.72	11.73	SAMN18354189	COPSAC corhot study of infant gut microbiome
AB472687.1	SRR14017622	16.94	11.72	11.73	SAMN18385753	COPSAC corhot study of infant gut microbiome
AB472687.1	SRR5676474	16.88	11.72	11.69	SAMN07190885	samples from sewage Raw sequence reads
AB472687.1	ERR7197646	16.88	11.72	11.68	SAMEA10535678	Hi-C metagenomics study on faecal microbiomes from 5-5 British low- and high-antimicrobial use pig farms
AB472687.1	SRR13517647	16.87	11.72	11.68	SAMN17521793	Metagenomics of antimicrobial and heavy metal resistance in the cecal microbiome of fattening pigs raised without antibiotics
AB472687.1	ERR3211787	16.87	11.72	11.68	SAMEA5414432	Metagenomic assessment of the effect of sample processing on different microbiomes
AB472687.1	SRR8925818	15.89	11.03	11.00	SAMN11458198	Metagenomic analysis of 56 full-scale biogas plants in China
AB472687.1	SRR5574344	15.88	11.03	10.99	SAMN07125683	Metagenomic analysis of vegetable soil profiles
AB472687.1	ERR1135387	15.88	11.03	10.99	SAMEA3663214	The Pig’s other genome: a reference gene catalogue of the gut microbiome
AB472687.1	SRR8925715	15.88	11.03	10.99	SAMN11458188	Metagenomic analysis of 56 full-scale biogas plants in China
AB472687.1	SRR12793301	15.88	11.03	10.99	SAMN16395785	Xylan alleviates dietary fiber deprivation-induced dysbiosis by selectively promoting Bifidobacterium pseudocatenulatum in pigs
AB472687.1	SRR16327189	15.88	11.03	10.99	SAMN22262129	Xylan alleviates dietary fiber deprivation-induced dysbiosis by selectively promoting Bifidobacterium pseudocatenulatum in pigs
AB472687.1	SRR10209671	15.88	11.03	10.99	SAMN12867451	pig gut metagenome Targeted loci environmental
AB472687.1	SRR4425697	14.89	10.34	10.31	SAMN05597123	Composite fecal samples and WWTP biosolids Raw sequence reads
AB472687.1	SRR11185243	14.89	10.34	10.31	SAMN11098509	Pig microbiome
AB472687.1	ERR1135383	14.89	10.34	10.30	SAMEA3663210	The Pig’s other genome: a reference gene catalogue of the gut microbiome
AB472687.1	SRR8925809	13.91	9.66	9.63	SAMN11458246	Metagenome of feedstock samples for 56 full-scale biogas plants in China
AB472687.1	ERR3211929	13.90	9.66	9.62	SAMEA5414574	Metagenomic assessment of the effect of sample processing on different microbiomes
AB472687.1	ERR3574515	13.90	9.66	9.62	SAMEA5989477	Detailed study at the genetic level at bacteria in farm animals, human/animal sewage, sewage treatment works and rivers, to work out the complex network of transmission of important antibiotic-resistant bacteria and antibiotic resistance genes
AB472687.1	ERR2241918	13.89	9.66	9.62	SAMEA104467421	As part of the EFFORT project, we sampled feces from pig and poultry livestock in nine European countries (BE, BG, DK, FR, ES, GE, NL, PL, SP). More than 9000 animals were sampled, across 181 pig and 178 poultry herds to generate herd-level composite fecal samples. Using shotgun metagenomics, we have quantified and characterized the antimicrobial resistance gene pools (resistomes) in Europe's two most intensively raised livestock species.
AB472687.1	SRR7533030	13.89	9.66	9.62	SAMN09641547	panda gut metagenome raw sequence reads Raw sequence reads
AB472687.1	ERR4794332	12.95	8.97	8.97	SAMEA7519244	Analysis of human fecal metagenomes from adults and infants, to investigate strain persistance, dispersal and purifying selection of bacterial strains.
AB472687.1	DRR162455	12.95	8.97	8.97	SAMD00149267	Gut metagenome in cardiovascular diseases
AB472687.1	SRR7532891	12.95	8.97	8.97	SAMN09641578	panda gut metagenome raw sequence reads Raw sequence reads
AB472687.1	SRR14000824	12.95	8.97	8.96	SAMN18354192	COPSAC corhot study of infant gut microbiome
AB472687.1	SRR9866671	12.91	8.97	8.93	SAMN12283826	Metagenomic sequencing of Lawsonia intracellularis
AB472687.1	SRR8925811	12.90	8.97	8.93	SAMN11458248	Metagenome of feedstock samples for 56 full-scale biogas plants in China
AB472687.1	ERR3211892	12.90	8.97	8.93	SAMEA5414537	Metagenomic assessment of the effect of sample processing on different microbiomes
AB472687.1	SRR8925810	12.90	8.97	8.93	SAMN11458247	Metagenome of feedstock samples for 56 full-scale biogas plants in China
AB472687.1	SRR9603015	12.90	8.97	8.93	SAMN12137782	humman gut microbiota metagenome sequensing Raw sequence reads
AB472687.1	SRR10613568	12.90	8.97	8.93	SAMN13518552	Beijing's airborne particulate matter metagenome
AB472687.1	SRR14001069	12.90	8.97	8.93	SAMN18354269	COPSAC corhot study of infant gut microbiome
AB472687.1	SRR8925789	12.90	8.97	8.93	SAMN11458259	Metagenome of feedstock samples for 56 full-scale biogas plants in China
AB472687.1	SRR16481189	11.95	8.28	8.27	SAMN22374897	Luzhou ARGs
AB472687.1	SRR14000882	11.93	8.28	8.26	SAMN18354161	COPSAC corhot study of infant gut microbiome
AB472687.1	SRR8925785	11.92	8.28	8.25	SAMN11458267	Metagenome of feedstock samples for 56 full-scale biogas plants in China
AB472687.1	SRR7193048	11.92	8.28	8.25	SAMN09235248	Evaluation of porcine fecal microbiomes after exposure to ceftriaxone
AB472687.1	ERR2597456	11.92	8.28	8.25	SAMEA4688970	VETII samples
AB472687.1	SRR14017538	10.96	7.59	7.59	SAMN18385827	COPSAC corhot study of infant gut microbiome
AB472687.1	SRR14017443	10.95	7.59	7.58	SAMN18385913	COPSAC corhot study of infant gut microbiome
AB472687.1	ERR3588750	10.93	7.59	7.56	SAMEA6062688	Metagenomic sequencing of faecal extracts from a commercial pig farm with high antimicrobial usage
AB472687.1	SRR10691982	10.93	7.59	7.56	SAMN13246707	human gut metagenome Metagenome
AB472687.1	SRR14842352	10.92	7.59	7.56	SAMN19735668	Global Canine Shotgun Microbiomes
AB472687.1	ERR1135380	10.92	7.59	7.56	SAMEA3663207	The Pig’s other genome: a reference gene catalogue of the gut microbiome
AB472687.1	SRR7533012	10.91	7.59	7.55	SAMN09641618	panda gut metagenome raw sequence reads Raw sequence reads
AB472687.1	ERR748236	9.97	6.90	6.90	SAMEA3231352	Temporal and technical variability of human gut metagenomes
AB472687.1	SRR7533011	9.97	6.90	6.90	SAMN09641617	panda gut metagenome raw sequence reads Raw sequence reads
AB472687.1	ERR3393526	9.93	6.90	6.87	SAMEA5733029	Animal gut microbiome
AB472687.1	SRR17317405	9.93	6.90	6.87	SAMN24337982	The difference between diarrhea piglets and normal piglets
AB472687.1	ERR2597494	9.92	6.90	6.87	SAMEA4689008	VETII samples
AB472687.1	ERR1855544	9.92	6.90	6.87	SAMEA99907918	Metagenomic analysis of gut microbiota in sows and piglets (EBI)
AB472687.1	ERR3574522	9.92	6.90	6.87	SAMEA5989477	Detailed study at the genetic level at bacteria in farm animals, human/animal sewage, sewage treatment works and rivers, to work out the complex network of transmission of important antibiotic-resistant bacteria and antibiotic resistance genes
AB472687.1	ERR3574527	9.92	6.90	6.87	SAMEA5989477	Detailed study at the genetic level at bacteria in farm animals, human/animal sewage, sewage treatment works and rivers, to work out the complex network of transmission of important antibiotic-resistant bacteria and antibiotic resistance genes
AB472687.1	SRR5240750	9.92	6.90	6.87	SAMN06315440	Metagenomic analysis of gut microbiota in sows and piglets
AB472687.1	ERR1135238	8.94	6.21	6.19	SAMEA3663065	The Pig’s other genome: a reference gene catalogue of the gut microbiome
AB472687.1	ERR3211915	8.94	6.21	6.19	SAMEA5414560	Metagenomic assessment of the effect of sample processing on different microbiomes
AB472687.1	ERR2597461	8.93	6.21	6.18	SAMEA4688975	VETII samples
AB472687.1	ERR3211917	8.93	6.21	6.18	SAMEA5414562	Metagenomic assessment of the effect of sample processing on different microbiomes
AB472687.1	SRR17317426	8.93	6.21	6.18	SAMN24337936	The difference between diarrhea piglets and normal piglets
AB472687.1	SRR9866666	8.93	6.21	6.18	SAMN12283821	Metagenomic sequencing of Lawsonia intracellularis
AB472687.1	ERR3573555	7.96	5.52	5.51	SAMEA5989477	Detailed study at the genetic level at bacteria in farm animals, human/animal sewage, sewage treatment works and rivers, to work out the complex network of transmission of important antibiotic-resistant bacteria and antibiotic resistance genes
AB472687.1	SRR16188890	7.96	5.52	5.51	SAMN22039219	Metagenomic sequencing of UC patients subjected to FMT and FMT-donors
AB472687.1	SRR10691957	7.95	5.52	5.51	SAMN13246730	human gut metagenome Metagenome
AB472687.1	SRR14017520	7.95	5.52	5.51	SAMN18385843	COPSAC corhot study of infant gut microbiome
AB472687.1	ERR3211791	7.95	5.52	5.50	SAMEA5414436	Metagenomic assessment of the effect of sample processing on different microbiomes
AB472687.1	ERR3211799	7.94	5.52	5.50	SAMEA5414444	Metagenomic assessment of the effect of sample processing on different microbiomes
AB472687.1	SRR14812346	7.94	5.52	5.50	SAMN19686914	Piglet gut and in-barn manure from farms on Raised Without Antibiotics program display a reduced antimicrobial resistance but an increased prevalence of pathogens
AB472687.1	ERR1135249	7.94	5.52	5.49	SAMEA3663076	The Pig’s other genome: a reference gene catalogue of the gut microbiome
AB472687.1	SRR7532890	6.98	4.83	4.83	SAMN09641577	panda gut metagenome raw sequence reads Raw sequence reads
AB472687.1	ERR3562936	6.98	4.83	4.83	SAMEA5982209	Long-term temporal stability of the resistome in sewage from Copenhagen
AB472687.1	ERR1135223	6.95	4.83	4.81	SAMEA3663050	The Pig’s other genome: a reference gene catalogue of the gut microbiome
AB472687.1	SRR413750	6.95	4.83	4.81	SAMN00792095	A metagenome-wide association study of gut microbiota in type 2 diabetes.
AB472687.1	ERR2597350	6.95	4.83	4.81	SAMEA4688864	VETII samples
AB472687.1	ERR3211894	6.95	4.83	4.81	SAMEA5414539	Metagenomic assessment of the effect of sample processing on different microbiomes
AB472687.1	DRR162428	5.98	4.14	4.14	SAMD00149240	Gut metagenome in cardiovascular diseases
AB472687.1	SRR7533025	5.98	4.14	4.14	SAMN09641550	panda gut metagenome raw sequence reads Raw sequence reads
AB472687.1	SRR7532966	5.98	4.14	4.14	SAMN09641514	panda gut metagenome raw sequence reads Raw sequence reads
AB472687.1	ERR2241960	5.96	4.14	4.13	SAMEA104467463	As part of the EFFORT project, we sampled feces from pig and poultry livestock in nine European countries (BE, BG, DK, FR, ES, GE, NL, PL, SP). More than 9000 animals were sampled, across 181 pig and 178 poultry herds to generate herd-level composite fecal samples. Using shotgun metagenomics, we have quantified and characterized the antimicrobial resistance gene pools (resistomes) in Europe's two most intensively raised livestock species.
AB472687.1	SRR13434646	5.96	4.14	4.13	SAMN17312164	Primate phageomes are structured by superhost phylogeny and environment
AB472687.1	SRR3169810	5.96	4.14	4.13	SAMN04448868	gut microbe Metagenome
AB472687.1	ERR3574517	5.96	4.14	4.12	SAMEA5989477	Detailed study at the genetic level at bacteria in farm animals, human/animal sewage, sewage treatment works and rivers, to work out the complex network of transmission of important antibiotic-resistant bacteria and antibiotic resistance genes
AB472687.1	ERR3211889	5.96	4.14	4.12	SAMEA5414534	Metagenomic assessment of the effect of sample processing on different microbiomes
AB472687.1	ERR2597327	5.96	4.14	4.12	SAMEA4688841	VETII samples
AB472687.1	ERR3574473	5.96	4.14	4.12	SAMEA5989477	Detailed study at the genetic level at bacteria in farm animals, human/animal sewage, sewage treatment works and rivers, to work out the complex network of transmission of important antibiotic-resistant bacteria and antibiotic resistance genes
AB472687.1	SRR14017511	4.98	3.45	3.45	SAMN18385851	COPSAC corhot study of infant gut microbiome
AB472687.1	ERR3574523	4.97	3.45	3.44	SAMEA5989477	Detailed study at the genetic level at bacteria in farm animals, human/animal sewage, sewage treatment works and rivers, to work out the complex network of transmission of important antibiotic-resistant bacteria and antibiotic resistance genes
AB472687.1	ERR3211928	4.96	3.45	3.44	SAMEA5414573	Metagenomic assessment of the effect of sample processing on different microbiomes
AB472687.1	SRR13517645	4.96	3.45	3.44	SAMN17521793	Metagenomics of antimicrobial and heavy metal resistance in the cecal microbiome of fattening pigs raised without antibiotics
AB472687.1	ERR3574518	4.96	3.45	3.44	SAMEA5989477	Detailed study at the genetic level at bacteria in farm animals, human/animal sewage, sewage treatment works and rivers, to work out the complex network of transmission of important antibiotic-resistant bacteria and antibiotic resistance genes
AB472687.1	ERR1135235	3.97	2.76	2.75	SAMEA3663062	The Pig’s other genome: a reference gene catalogue of the gut microbiome
AB472687.1	ERR1135677	3.97	2.76	2.75	SAMEA3663209	The Pig’s other genome: a reference gene catalogue of the gut microbiome
AB472687.1	ERR2241881	3.97	2.76	2.75	SAMEA104467384	As part of the EFFORT project, we sampled feces from pig and poultry livestock in nine European countries (BE, BG, DK, FR, ES, GE, NL, PL, SP). More than 9000 animals were sampled, across 181 pig and 178 poultry herds to generate herd-level composite fecal samples. Using shotgun metagenomics, we have quantified and characterized the antimicrobial resistance gene pools (resistomes) in Europe's two most intensively raised livestock species.
AB472687.1	ERR3211900	3.97	2.76	2.75	SAMEA5414545	Metagenomic assessment of the effect of sample processing on different microbiomes
AB472687.1	ERR3574525	3.97	2.76	2.75	SAMEA5989477	Detailed study at the genetic level at bacteria in farm animals, human/animal sewage, sewage treatment works and rivers, to work out the complex network of transmission of important antibiotic-resistant bacteria and antibiotic resistance genes
AB472687.1	SRR9218149	3.97	2.76	2.75	SAMN10877888	Metagenomic Reconstructions of Gut Microbiome in Weanling Pigs
AB472687.1	SRR7533028	3.97	2.76	2.75	SAMN09641548	panda gut metagenome raw sequence reads Raw sequence reads
AB472687.1	SRR17317419	3.97	2.76	2.75	SAMN24337956	The difference between diarrhea piglets and normal piglets
AB472687.1	ERR1135220	2.98	2.07	2.06	SAMEA3663047	The Pig’s other genome: a reference gene catalogue of the gut microbiome
AB472687.1	ERR3211911	2.98	2.07	2.06	SAMEA5414556	Metagenomic assessment of the effect of sample processing on different microbiomes
AB472687.1	ERR2597387	2.98	2.07	2.06	SAMEA4688901	VETII samples
AB472687.1	SRR13517624	2.98	2.07	2.06	SAMN17521794	Metagenomics of antimicrobial and heavy metal resistance in the cecal microbiome of fattening pigs raised without antibiotics
AB472687.1	ERR1728661	2.98	2.07	2.06	SAMEA4545336	Subspecies in the global human gut microbiome
AB472687.1	ERR3211788	1.99	1.38	1.38	SAMEA5414433	Metagenomic assessment of the effect of sample processing on different microbiomes
AB472687.1	SRR13517627	1.99	1.38	1.38	SAMN17521794	Metagenomics of antimicrobial and heavy metal resistance in the cecal microbiome of fattening pigs raised without antibiotics
AB472687.1	ERR6718331	1.00	0.69	0.69	SAMEA6516473	Phylogenomic_analysis_of_global_Chlamydia_trachomatis_diagnostic_escape_mutants_sequenced_directly_from_clinical_samples
AB472687.1	ERR3997376	1.00	0.69	0.69	SAMEA6649933	Freshwater Metagenomes from European Lakes and Reservoirs (including time-series metagenomes)
AB472687.1	SRR12173147	1.00	0.69	0.69	SAMN15405806	Skin microbiome from cutaneous T-cell lymphoma patients and healthy volunteers
AB472687.1	SRR6205714	1.00	0.69	0.69	SAMN07827780	Metatranscriptomics of Culex cedecei mosquitoes for arbovirus detection and strain typing
AB472687.1	SRR6399475	1.00	0.69	0.69	SAMN08215999	Airborne exposures samples Raw sequence reads
AB472687.1	SRR9924777	1.00	0.69	0.69	SAMN12530072	Metagenomic raw reads for water and sediment samples of the Yangtze River, China
AB472687.1	SRR9924796	1.00	0.69	0.69	SAMN12530085	Metagenomic raw reads for water and sediment samples of the Yangtze River, China
AB472687.1	ERR3573581	1.00	0.69	0.69	SAMEA5989477	Detailed study at the genetic level at bacteria in farm animals, human/animal sewage, sewage treatment works and rivers, to work out the complex network of transmission of important antibiotic-resistant bacteria and antibiotic resistance genes
AB472687.1	SRR10090104	1.00	0.69	0.69	SAMN12675287	Metagenome of rat feces
AB472687.1	ERR4837140	1.00	0.69	0.69	SAMEA7573975	A taxon-wise insight into rock weathering and nitrogen fixation functional profiles of proglacial systems
AB472687.1	SRR14578319	1.00	0.69	0.69	SAMN19241563	Svalbard & Finse 16/18S rRNA and shotgun metagenomic data
AB472687.1	SRR16902655	1.00	0.69	0.69	SAMN23026579	study the microbial diversity
AB472687.1	SRR16902660	1.00	0.69	0.69	SAMN23026566	study the microbial diversity
AB472687.1	ERR3089231	1.00	0.69	0.69	SAMEA5208909	Metagenomic sequencing of Rotating Biological Contactor biofilm samples
AB472687.1	SRR15129614	1.00	0.69	0.69	SAMN20082213	Systems genetics approaches uncover microbe-lipid-host connections
AB472687.1	SRR6873778	1.00	0.69	0.69	SAMN08714535	marine biofilm Metagenome
AB472687.1	ERR3438392	1.00	0.69	0.69	SAMEA5778176	Understanding the antifouling mechanisms related to copper oxide and zinc oxide nanoparticles in anaerobic membranes
AB472687.1	SRR1765335	1.00	0.69	0.69	SAMN02674709	Microbiome study of the RISK cohort
AB472687.1	SRR14454020	1.00	0.69	0.69	SAMN18896311	metagenome of samples from the Dragon Shaped Water System
AB472687.1	SRR16767806	1.00	0.69	0.69	SAMN22869133	Metatranscriptomic profiling of Australian ticks
AB472687.1	SRR7122376	1.00	0.69	0.69	SAMN09074553	Animal metagenomes enriched for circular DNA viruses
AB472687.1	ERR6637195	1.00	0.69	0.69	SAMEA9570854	Evaluation of rRNA primers for metabarcoding of eukaryotes
AB472687.1	SRR7340307	1.00	0.69	0.69	SAMN09388993	the gut microbes of giant panda
AB472687.1	SRR12873397	1.00	0.69	0.69	SAMN16511762	marine plankton metatranscriptome Raw sequence reads
AB472687.1	SRR8466246	1.00	0.69	0.69	SAMN10781845	Comparison of the microbial community of activated sludge and membrane biofilm
AB472687.1	ERR1430460	1.00	0.69	0.69	SAMEA4019214	Using two diets to modulate gut  microbiota to alleviate human type 2 diabetes
AB472687.1	ERR1769190	1.00	0.69	0.69	SAMEA36623668	Functional potential of the airway microbiome for predicting wheezing phenotype in preschool children
AB472687.1	ERR3674521	1.00	0.69	0.69	SAMEA6240023	Hospital Microbiome
AB472687.1	SRR10036065	1.00	0.69	0.69	SAMN12647013	A metagenomics-enabled investigation of antimicrobial resistance in an urban watershed
AB472687.1	SRR10193377	1.00	0.69	0.69	SAMN12856798	deep-sea coral community Raw sequence reads
AB472687.1	SRR12282714	1.00	0.69	0.69	SAMN15578160	metagenomes of biological soil crusts in September 2018
AB472687.1	SRR12586223	1.00	0.69	0.69	SAMN16053643	Viral Metagenomics in Perca fluviatilis
AB472687.1	SRR1718866	1.00	0.69	0.69	SAMN03264856	Marine sediment trap metagenomes
AB472687.1	SRR8786267	1.00	0.69	0.69	SAMN11230895	oral metagenome Metagenome
AB472687.1	ERR3060997	1.00	0.69	0.69	SAMEA104225541	SC_I2795_Genome_sequencing_of_serially_passaged_Treponema_pallidum_in_rabbits_to_determine_the_evolutionary_trajectories_of_host_adaptation
AB472687.1	SRR11309590	1.00	0.69	0.69	SAMN13518405	Comparison of European rabbit and ectoparasite viromes
AB472687.1	SRR5974641	1.00	0.69	0.69	SAMN07507533	human and microbial Raw sequence reads in intraocular samples
AB472687.1	SRR5974642	1.00	0.69	0.69	SAMN07507533	human and microbial Raw sequence reads in intraocular samples
AB472687.1	SRR5974644	1.00	0.69	0.69	SAMN07507533	human and microbial Raw sequence reads in intraocular samples
AB472687.1	SRR6701179	1.00	0.69	0.69	SAMN07507533	Infectious Etiology of Age-related Macular Degeneration
AB472687.1	SRR6701183	1.00	0.69	0.69	SAMN07507533	Infectious Etiology of Age-related Macular Degeneration
AB472687.1	SRR6701217	1.00	0.69	0.69	SAMN07507533	Infectious Etiology of Age-related Macular Degeneration
AB472687.1	SRR8571178	1.00	0.69	0.69	SAMN10923284	Sequencing rabbits affected by epizootic rabbit enteropathy
AB472687.1	SRR8571179	1.00	0.69	0.69	SAMN10923289	Sequencing rabbits affected by epizootic rabbit enteropathy
AB472687.1	SRR8571182	1.00	0.69	0.69	SAMN10923288	Sequencing rabbits affected by epizootic rabbit enteropathy
AB472687.1	SRR10841564	1.00	0.69	0.69	SAMN13743171	Microbial communities inhabiting Lake Ferto/Neusiedler See
AB472687.1	SRR10841566	1.00	0.69	0.69	SAMN13743169	Microbial communities inhabiting Lake Ferto/Neusiedler See
AB472687.1	SRR10988601	1.00	0.69	0.69	SAMN13944109	Gut microbiome composition of companion dogs based on stool samples
AB472687.1	SRR10988602	1.00	0.69	0.69	SAMN13944108	Gut microbiome composition of companion dogs based on stool samples
AB472687.1	SRR11611429	1.00	0.69	0.69	SAMN14732958	aquatic-environment-amplicon-sequencing
AB472687.1	SRR11611433	1.00	0.69	0.69	SAMN14732986	aquatic-environment-amplicon-sequencing
AB472687.1	SRR11611446	1.00	0.69	0.69	SAMN14732974	aquatic-environment-amplicon-sequencing
AB472687.1	SRR11611449	1.00	0.69	0.69	SAMN14732971	aquatic-environment-amplicon-sequencing
AB472687.1	SRR11611450	1.00	0.69	0.69	SAMN14732953	aquatic-environment-amplicon-sequencing
AB472687.1	SRR11611451	1.00	0.69	0.69	SAMN14732970	aquatic-environment-amplicon-sequencing
AB472687.1	SRR11611452	1.00	0.69	0.69	SAMN14732969	aquatic-environment-amplicon-sequencing
AB472687.1	SRR11611455	1.00	0.69	0.69	SAMN14732966	aquatic-environment-amplicon-sequencing
AB472687.1	SRR11611456	1.00	0.69	0.69	SAMN14732965	aquatic-environment-amplicon-sequencing
AB472687.1	SRR11611457	1.00	0.69	0.69	SAMN14732964	aquatic-environment-amplicon-sequencing
AB472687.1	SRR11611458	1.00	0.69	0.69	SAMN14732963	aquatic-environment-amplicon-sequencing
AB472687.1	SRR11611460	1.00	0.69	0.69	SAMN14732961	aquatic-environment-amplicon-sequencing
AB472687.1	ERR1430397	0.99	0.69	0.69	SAMEA4019151	Using two diets to modulate gut  microbiota to alleviate human type 2 diabetes
AB472687.1	ERR1430405	0.99	0.69	0.69	SAMEA4019159	Using two diets to modulate gut  microbiota to alleviate human type 2 diabetes
AB472687.1	ERR2508966	0.99	0.69	0.69	SAMEA1100275	Metagenomic insights into resistant starch degradation by human gut microbiota
AB472687.1	ERR2843560	0.99	0.69	0.69	SAMEA4974099	Meta cooperation project of guangdong provincial hospital of traditional Chinese medicine
AB472687.1	ERR4334243	0.99	0.69	0.69	SAMEA7045328	Microbiome connections with host metabolism and habitual diet from the PREDICT 1 metagenomic study
AB472687.1	ERR4794610	0.99	0.69	0.69	SAMEA7519311	Analysis of human fecal metagenomes from adults and infants, to investigate strain persistance, dispersal and purifying selection of bacterial strains.
AB472687.1	ERR4866027	0.99	0.69	0.69	SAMEA7610332	Critical evaluation of preservation methods for metagenomic analysis of faecal microbiomes
AB472687.1	ERR5169580	0.99	0.69	0.69	SAMEA7846174	Intestinal VLP reads and predicted phage contigs for at-risk RA individuals
AB472687.1	ERR5192581	0.99	0.69	0.69	SAMEA5042707	Humanized_Mouse_Microbiota
AB472687.1	SRR5580332	0.99	0.69	0.69	SAMN06233224	human gut metagenome Metagenome
AB472687.1	SRR10484424	0.99	0.69	0.69	SAMN13288257	Underfeeding and oral vancomycin perturb the human gut microbiome and impair nutrient absorption
AB472687.1	SRR10680366	0.99	0.69	0.69	SAMN13509727	Human gut metagenomes from Hong Kong populations
AB472687.1	SRR10680485	0.99	0.69	0.69	SAMN13509677	Human gut metagenomes from Hong Kong populations
AB472687.1	SRR12576923	0.99	0.69	0.69	SAMN15968281	Interspecies variation in hominid gut microbiota controls host gene regulation
AB472687.1	SRR13271854	0.99	0.69	0.69	SAMN17112178	The Influence of the gut microbiome on BCG-induced trained immunity
AB472687.1	SRR13712838	0.99	0.69	0.69	SAMN17918411	Donor and recipient stool metagenomes from a fecal microbiota transplantation study
AB472687.1	SRR13825947	0.99	0.69	0.69	SAMN16925175	Metagenome study of patients with Budd-Chiari syndrome
AB472687.1	SRR13826026	0.99	0.69	0.69	SAMN16925175	Metagenome study of patients with Budd-Chiari syndrome
AB472687.1	SRR14099319	0.99	0.69	0.69	SAMN16925175	Metagenome study of patients with Budd-Chiari syndrome
AB472687.1	SRR14099402	0.99	0.69	0.69	SAMN16925175	Metagenome study of patients with Budd-Chiari syndrome
AB472687.1	SRR14017591	0.99	0.69	0.69	SAMN18385780	COPSAC corhot study of infant gut microbiome
AB472687.1	SRR15511287	0.99	0.69	0.69	SAMN20837588	Differential effects of western and mediterranean-type diets on gut microbiota: a metagenomics and metabolomics approach
AB472687.1	SRR5091548	0.99	0.69	0.69	SAMN06112086	human gut metagenome in RA
AB472687.1	SRR7721871	0.99	0.69	0.69	SAMN09864067	Modification of gut microbiota-bile acid-intestinal FXR signaling leads to the clinical benefits of metformin
AB472687.1	ERR4352677	0.99	0.69	0.69	SAMEA7060534	2018 Helgoland Spring Bloom Metagenomes
AB472687.1	ERR4682794	0.99	0.69	0.69	SAMEA7428436	Global surveillance of antimicrobial resistance - batch June 2018
AB472687.1	SRR10828597	0.99	0.69	0.69	SAMN13701970	Metagenomics uncover antibiotic resistance genes in pig and chicken Raw sequence reads
AB472687.1	ERR2597346	0.99	0.69	0.69	SAMEA4688860	VETII samples
AB472687.1	ERR4859700	0.99	0.69	0.69	SAMEA7598008	Medication signatures dominate microbiome and metabolome alterations in cardiometabolic diseases
AB472687.1	SRR14001012	0.99	0.69	0.69	SAMN18354238	COPSAC corhot study of infant gut microbiome
AB472687.1	SRR4786591	0.99	0.69	0.69	SAMN05969400	iHMP ibdmdb
AB472687.1	SRR4892892	0.99	0.69	0.69	SAMN05969400	iHMP ibdmdb
AB472687.1	SRR5947948	0.99	0.69	0.69	SAMN07424573	Human gut metagenome and metatranscriptome in the inflammatory bowel disease (iHMP/HMP2)
AB472687.1	SRR13165309	0.99	0.69	0.69	SAMN16954465	Hybrid metagenome of a maritime Antarctic Soil
AB472687.1	ERR2654253	0.99	0.69	0.69	SAMEA4752171	Impact of metabolic strategy of phytoplankton on functions and structure of the associated bacterial community using metatranscriptome
AB472687.1	ERR2654254	0.99	0.69	0.69	SAMEA4752172	Impact of metabolic strategy of phytoplankton on functions and structure of the associated bacterial community using metatranscriptome
AB472687.1	ERR2654255	0.99	0.69	0.69	SAMEA4752173	Impact of metabolic strategy of phytoplankton on functions and structure of the associated bacterial community using metatranscriptome
AB472687.1	ERR2654257	0.99	0.69	0.69	SAMEA4752175	Impact of metabolic strategy of phytoplankton on functions and structure of the associated bacterial community using metatranscriptome
AB472687.1	DRR086794	0.98	0.69	0.68	SAMD00074037	Development of prediction and control technology for coastal fishery damage by marine microbial analysis
AB472687.1	ERR1427727	0.98	0.69	0.68	SAMEA4012265	Pollen metabarcoding of bees from a historic collection reveales provenance and possible microbial connections
AB472687.1	ERR1726556	0.98	0.69	0.68	SAMEA2622660	Shotgun Sequencing of Tara Oceans DNA samples corresponding to size fractions for protist
AB472687.1	ERR1726607	0.98	0.69	0.68	SAMEA2656998	Shotgun Sequencing of Tara Oceans DNA samples corresponding to size fractions for protist
AB472687.1	ERR1726667	0.98	0.69	0.68	SAMEA2622660	Shotgun Sequencing of Tara Oceans DNA samples corresponding to size fractions for protist
AB472687.1	ERR1726833	0.98	0.69	0.68	SAMEA2620959	Shotgun Sequencing of Tara Oceans DNA samples corresponding to size fractions for protist
AB472687.1	ERR4691745	0.98	0.69	0.68	SAMEA2619701	Shotgun Sequencing of Tara Oceans DNA samples corresponding to size fractions for protist
AB472687.1	ERR4691752	0.98	0.69	0.68	SAMEA2731149	Shotgun Sequencing of Tara Oceans DNA samples corresponding to size fractions for protist
AB472687.1	ERR4691844	0.98	0.69	0.68	SAMEA2730909	Shotgun Sequencing of Tara Oceans DNA samples corresponding to size fractions for protist
AB472687.1	ERR538182	0.98	0.69	0.68	SAMEA2591077	Shotgun Sequencing of Tara Oceans DNA samples corresponding to size fractions for protist
AB472687.1	ERR599210	0.98	0.69	0.68	SAMEA2620870	Shotgun Sequencing of Tara Oceans DNA samples corresponding to size fractions for protist
AB472687.1	ERR868464	0.98	0.69	0.68	SAMEA2623037	Shotgun Sequencing of Tara Oceans DNA samples corresponding to size fractions for protist
AB472687.1	ERR1769197	0.98	0.69	0.68	SAMEA36628918	Functional potential of the airway microbiome for predicting wheezing phenotype in preschool children
AB472687.1	ERR1938103	0.98	0.69	0.68	SAMEA103980850	A benzene-degrading nitrate-reducing microbial consortium displays aerobic and anaerobic benzene degradation pathways
AB472687.1	ERR1988046	0.98	0.69	0.68	SAMEA104083769	We analyzed 9,933 larvae from 383 samples in the Gulf of Aqaba collected during 2010-2011 stratified over sites, depth and seasons and analyzed their metagenome using NGS technology.
AB472687.1	ERR2241654	0.98	0.69	0.68	SAMEA104467157	As part of the EFFORT project, we sampled feces from pig and poultry livestock in nine European countries (BE, BG, DK, FR, ES, GE, NL, PL, SP). More than 9000 animals were sampled, across 181 pig and 178 poultry herds to generate herd-level composite fecal samples. Using shotgun metagenomics, we have quantified and characterized the antimicrobial resistance gene pools (resistomes) in Europe's two most intensively raised livestock species.
AB472687.1	ERR2241838	0.98	0.69	0.68	SAMEA104467341	As part of the EFFORT project, we sampled feces from pig and poultry livestock in nine European countries (BE, BG, DK, FR, ES, GE, NL, PL, SP). More than 9000 animals were sampled, across 181 pig and 178 poultry herds to generate herd-level composite fecal samples. Using shotgun metagenomics, we have quantified and characterized the antimicrobial resistance gene pools (resistomes) in Europe's two most intensively raised livestock species.
AB472687.1	ERR2241840	0.98	0.69	0.68	SAMEA104467343	As part of the EFFORT project, we sampled feces from pig and poultry livestock in nine European countries (BE, BG, DK, FR, ES, GE, NL, PL, SP). More than 9000 animals were sampled, across 181 pig and 178 poultry herds to generate herd-level composite fecal samples. Using shotgun metagenomics, we have quantified and characterized the antimicrobial resistance gene pools (resistomes) in Europe's two most intensively raised livestock species.
AB472687.1	ERR2241875	0.98	0.69	0.68	SAMEA104467378	As part of the EFFORT project, we sampled feces from pig and poultry livestock in nine European countries (BE, BG, DK, FR, ES, GE, NL, PL, SP). More than 9000 animals were sampled, across 181 pig and 178 poultry herds to generate herd-level composite fecal samples. Using shotgun metagenomics, we have quantified and characterized the antimicrobial resistance gene pools (resistomes) in Europe's two most intensively raised livestock species.
AB472687.1	ERR2245457	0.98	0.69	0.68	SAMEA104467292	As part of the EFFORT project, we sampled feces from pig and poultry livestock in nine European countries (BE, BG, DK, FR, ES, GE, NL, PL, SP). More than 9000 animals were sampled, across 181 pig and 178 poultry herds to generate herd-level composite fecal samples. Using shotgun metagenomics, we have quantified and characterized the antimicrobial resistance gene pools (resistomes) in Europe's two most intensively raised livestock species.
AB472687.1	ERR2245475	0.98	0.69	0.68	SAMEA104467341	As part of the EFFORT project, we sampled feces from pig and poultry livestock in nine European countries (BE, BG, DK, FR, ES, GE, NL, PL, SP). More than 9000 animals were sampled, across 181 pig and 178 poultry herds to generate herd-level composite fecal samples. Using shotgun metagenomics, we have quantified and characterized the antimicrobial resistance gene pools (resistomes) in Europe's two most intensively raised livestock species.
AB472687.1	ERR2245477	0.98	0.69	0.68	SAMEA104467343	As part of the EFFORT project, we sampled feces from pig and poultry livestock in nine European countries (BE, BG, DK, FR, ES, GE, NL, PL, SP). More than 9000 animals were sampled, across 181 pig and 178 poultry herds to generate herd-level composite fecal samples. Using shotgun metagenomics, we have quantified and characterized the antimicrobial resistance gene pools (resistomes) in Europe's two most intensively raised livestock species.
AB472687.1	ERR2245483	0.98	0.69	0.68	SAMEA104467374	As part of the EFFORT project, we sampled feces from pig and poultry livestock in nine European countries (BE, BG, DK, FR, ES, GE, NL, PL, SP). More than 9000 animals were sampled, across 181 pig and 178 poultry herds to generate herd-level composite fecal samples. Using shotgun metagenomics, we have quantified and characterized the antimicrobial resistance gene pools (resistomes) in Europe's two most intensively raised livestock species.
AB472687.1	ERR3063492	0.98	0.69	0.68	SAMEA5226322	Marine viromes from a depth profile at the Mediterranan sea
AB472687.1	ERR3474336	0.98	0.69	0.68	SAMEA5858685	iMSMS Baranzini data
AB472687.1	ERR3503288	0.98	0.69	0.68	SAMEA5927895	Surveillance of infectious diseases and antimicrobial resistance from sewage in Kibera (Nairobi, Kenya)
AB472687.1	ERR3503296	0.98	0.69	0.68	SAMEA5927903	Surveillance of infectious diseases and antimicrobial resistance from sewage in Kibera (Nairobi, Kenya)
AB472687.1	ERR3503298	0.98	0.69	0.68	SAMEA5927905	Surveillance of infectious diseases and antimicrobial resistance from sewage in Kibera (Nairobi, Kenya)
AB472687.1	ERR3503300	0.98	0.69	0.68	SAMEA5927907	Surveillance of infectious diseases and antimicrobial resistance from sewage in Kibera (Nairobi, Kenya)
AB472687.1	ERR3503312	0.98	0.69	0.68	SAMEA5927919	Surveillance of infectious diseases and antimicrobial resistance from sewage in Kibera (Nairobi, Kenya)
AB472687.1	ERR4132691	0.98	0.69	0.68	SAMEA6504252	The reduction of dextran sulfate sodium-induced colitis severity in mice exposed to cigarette smoke is accompanied by specific gene pathway and microbial shifts
AB472687.1	ERR4337444	0.98	0.69	0.68	SAMEA6135548	Variola virus genome sequenced from an 18th century museum specimen supports the recent origin of smallpox
AB472687.1	ERR4794343	0.98	0.69	0.68	SAMEA7519417	Analysis of human fecal metagenomes from adults and infants, to investigate strain persistance, dispersal and purifying selection of bacterial strains.
AB472687.1	ERR4865745	0.98	0.69	0.68	SAMEA7610050	Critical evaluation of preservation methods for metagenomic analysis of faecal microbiomes
AB472687.1	ERR5031960	0.98	0.69	0.68	SAMEA7753146	Cecal microbiota transfer rescues the antibiotic-induced acceleration of type 1 diabetes and alteration of intestinal gene expression
AB472687.1	ERR5083967	0.98	0.69	0.68	SAMEA7778160	The gut virome in Irritable Bowel Syndrome differs from that of controls
AB472687.1	ERR5167148	0.98	0.69	0.68	SAMEA7845867	The lung microbiome in young children with cystic fibrosis: a longitudinal cohort study
AB472687.1	ERR5750881	0.98	0.69	0.68	SAMEA8584007	Human enteric viruses shape disease phenotype through divergent innate immunomodulation
AB472687.1	ERR6022011	0.98	0.69	0.68	SAMEA8908179	DNA metabarcoding of airborne pollen samples
AB472687.1	ERR7017989	0.98	0.69	0.68	SAMEA7336143	Enhanced_susceptibility_to_schistosomiasis_in_mice_carrying_human_microbiome_
AB472687.1	SRR061971	0.98	0.69	0.68	SAMN00039375	Human Microbiome Project (HMP) Metagenomic WGS Projects, deeper sequencing of the human microbiome samples: Production Phase
AB472687.1	SRR5809395	0.98	0.69	0.68	SAMN07309896	viral discovery and whole genome sequencing at University of Washington Virology
AB472687.1	SRR1046254	0.98	0.69	0.68	SAMN01773460	Microbial composition of samples from infant gut
AB472687.1	SRR15671593	0.98	0.69	0.68	SAMN21034204	sludge matagenome
AB472687.1	SRR10252944	0.98	0.69	0.68	SAMN13001697	Amplicon and metagnomic data from virus isolates and primary specimens. Raw sequence reads
AB472687.1	SRR5580080	0.98	0.69	0.68	SAMN06233224	human gut metagenome Metagenome
AB472687.1	SRR10932008	0.98	0.69	0.68	SAMN13895687	Systems Biology of Lipid Accumulating Organisms
AB472687.1	SRR10681892	0.98	0.69	0.68	SAMN13252614	viral metagenome Metagenome
AB472687.1	SRR10682083	0.98	0.69	0.68	SAMN13252534	viral metagenome Metagenome
AB472687.1	SRR10682197	0.98	0.69	0.68	SAMN13252463	viral metagenome Metagenome
AB472687.1	SRR10682353	0.98	0.69	0.68	SAMN13252810	viral metagenome Metagenome
AB472687.1	SRR10682371	0.98	0.69	0.68	SAMN13252794	viral metagenome Metagenome
AB472687.1	SRR10682373	0.98	0.69	0.68	SAMN13252792	viral metagenome Metagenome
AB472687.1	SRR10682381	0.98	0.69	0.68	SAMN13252785	viral metagenome Metagenome
AB472687.1	SRR10682383	0.98	0.69	0.68	SAMN13252783	viral metagenome Metagenome
AB472687.1	SRR10682395	0.98	0.69	0.68	SAMN13252772	viral metagenome Metagenome
AB472687.1	SRR10682539	0.98	0.69	0.68	SAMN13252642	viral metagenome Metagenome
AB472687.1	SRR10682548	0.98	0.69	0.68	SAMN13252635	viral metagenome Metagenome
AB472687.1	SRR10682550	0.98	0.69	0.68	SAMN13252633	viral metagenome Metagenome
AB472687.1	SRR10682551	0.98	0.69	0.68	SAMN13252632	viral metagenome Metagenome
AB472687.1	SRR10682558	0.98	0.69	0.68	SAMN13252626	viral metagenome Metagenome
AB472687.1	SRR10682575	0.98	0.69	0.68	SAMN13252420	viral metagenome Metagenome
AB472687.1	SRR10682582	0.98	0.69	0.68	SAMN13253134	viral metagenome Metagenome
AB472687.1	SRR10682779	0.98	0.69	0.68	SAMN13252956	viral metagenome Metagenome
AB472687.1	SRR10682780	0.98	0.69	0.68	SAMN13252955	viral metagenome Metagenome
AB472687.1	SRR5495018	0.98	0.69	0.68	SAMN06860631	viral metagenome Metagenome
AB472687.1	SRR4345132	0.98	0.69	0.68	SAMN05771823	feces metagenome Raw sequence reads
AB472687.1	SRR10748813	0.98	0.69	0.68	SAMN13639916	MESO-SCOPE
AB472687.1	SRR10855000	0.98	0.69	0.68	SAMN12813826	Sorted cell/s from Ace Lake middle layer water, Antarctica - uncultured microorganism SVG957_P2_D11 metagenome
AB472687.1	SRR10987118	0.98	0.69	0.68	SAMN13939989	Mycale hentscheli sponge metagenome
AB472687.1	SRR10997866	0.98	0.69	0.68	SAMN12793230	Uranium-contaminated sediment microbial communities from bioreactor in Oak Ridge, Tennessee, United States - B4A4.3 metagenome
AB472687.1	SRR11284690	0.98	0.69	0.68	SAMN14350603	Metabarcoding of amphibian pathogens from environmental samples
AB472687.1	SRR7462425	0.98	0.69	0.68	SAMN09520502	Microbial community composition drives extreme patterns of soil carbon flow
AB472687.1	SRR12158734	0.98	0.69	0.68	SAMN15454206	Arachis hypogaea Raw sequence reads
AB472687.1	SRR1217463	0.98	0.69	0.68	SAMN02727534	Hydrothermal plume metagenome (viral genomes)
AB472687.1	SRR12197312	0.98	0.69	0.68	SAMN15506162	ROMEO: Metagenomic and Metatranscriptomic response of riverine microbial communities to seasonal changes in the composition of dissolved organic matter.
AB472687.1	SRR12324995	0.98	0.69	0.68	SAMN15643068	Factors associated with the microbiome in moderate-late preterm babies - the DIAMOND trial - Shotgun Metagenomic data
AB472687.1	SRR12375179	0.98	0.69	0.68	SAMN15692904	Global peatland microbiome sequencing
AB472687.1	SRR12479895	0.98	0.69	0.68	SAMN15782516	Bio-GO-SHIP: Global marine 'omics studies of repeat hydrography transects
AB472687.1	SRR12480115	0.98	0.69	0.68	SAMN15783167	Bio-GO-SHIP: Global marine 'omics studies of repeat hydrography transects
AB472687.1	SRR12489603	0.98	0.69	0.68	SAMN15871771	de novo analysis of prosthetic joint infection microbiata using metagenomics
AB472687.1	SRR12548992	0.98	0.69	0.68	SAMN15913122	Eastern Oyster Microbiome Sequencing
AB472687.1	SRR12568077	0.98	0.69	0.68	SAMN15963214	Clinical relevance of virome dynamics in liver transplant recipients
AB472687.1	SRR12720514	0.98	0.69	0.68	SAMN16266412	CalCOFI_NCOG_II_2017_2019 Metagenome
AB472687.1	SRR12844103	0.98	0.69	0.68	SAMN16448807	key fund on straw decomposition
AB472687.1	SRR12918224	0.98	0.69	0.68	SAMN15721495	Soil microbial communities from Nachusa Grasslands, Illinois, United States - S17_HLP metagenome
AB472687.1	SRR16016025	0.98	0.69	0.68	SAMN21557328	soil microbial community diversity and structures
AB472687.1	SRR13444020	0.98	0.69	0.68	SAMN17043378	Raw sequence reads from the light organs of Siphamia fishes
AB472687.1	SRR13753911	0.98	0.69	0.68	SAMN18012534	Rationally designed bacterial consortia to treat chronic immune-mediated colitis and restore intestinal homeostasis
AB472687.1	SRR13973107	0.98	0.69	0.68	SAMN18317284	Gynandropsis gynandra  Pacbio raw reads
AB472687.1	SRR14034509	0.98	0.69	0.68	SAMN18423469	Evaluating the variation in fish skin microbiomes among hierarchical levels
AB472687.1	SRR14034531	0.98	0.69	0.68	SAMN18423449	Evaluating the variation in fish skin microbiomes among hierarchical levels
AB472687.1	SRR14085591	0.98	0.69	0.68	SAMN18514594	Mining short and long read soil metagenome
AB472687.1	SRR14287374	0.98	0.69	0.68	SAMN18527422	Global genome analyses reveal a vast and dynamic anellovirus landscape within the human virome
AB472687.1	SRR14300651	0.98	0.69	0.68	SAMN18826455	Microbiological Surveillance of Biogas Plants: Targeting Acetogenic Community
AB472687.1	SRR14330065	0.98	0.69	0.68	SAMN18877623	New Insights into Ovine Footrot Host Response
AB472687.1	SRR14330080	0.98	0.69	0.68	SAMN18877609	New Insights into Ovine Footrot Host Response
AB472687.1	SRR14493014	0.98	0.69	0.68	SAMN19078996	Rapid Absolute Quantification of Pathogen and ARG by Nanopore Sequencing
AB472687.1	SRR14569905	0.98	0.69	0.68	SAMN19228487	Soil metagenomes
AB472687.1	SRR15043893	0.98	0.69	0.68	SAMN20035135	Study on Saliva Metagenomics of PLWHA
AB472687.1	SRR15109853	0.98	0.69	0.68	SAMN20178546	16S sequencing of colonic adenomas
AB472687.1	SRR15709851	0.98	0.69	0.68	SAMN20841580	Wastewater monitoring for SARS-CoV-2 across the United States (HHS Protect/NWSS/Biobot Analytics)
AB472687.1	SRR15635844	0.98	0.69	0.68	SAMN21013343	Studies of microbial Penaeus monodon biofloc based aquaculture environment
AB472687.1	SRR15648690	0.98	0.69	0.68	SAMN20964838	Role of Foxo1 in iNKT cells development
AB472687.1	SRR15730558	0.98	0.69	0.68	SAMN21237095	Fecal Whole Metagenomic Shotgun Sequencing on mouse
AB472687.1	SRR16484663	0.98	0.69	0.68	SAMN18242807	Anaerobic fermentation bioreactor microbial communities from Madison, Wisconsin, United States - DMB5_1SRT_A metagenome
AB472687.1	SRR16526540	0.98	0.69	0.68	SAMN22064459	Anaerobic fermentation bioreactor microbial communities from Madison, Wisconsin, United States -  KW_USB_197
AB472687.1	SRR16531664	0.98	0.69	0.68	SAMN22503490	The Genetic Diversity of ARGs in the City of Batumi Coastal Recreational Waters of the Black Sea
AB472687.1	SRR1699595	0.98	0.69	0.68	SAMN03169781	Pelagic Microbial community sample from North Sea - COGITO 998_met_06 Metagenome
AB472687.1	SRR17063061	0.98	0.69	0.68	SAMN23489467	Deep-sea sediment metagenomes
AB472687.1	SRR17217824	0.98	0.69	0.68	SAMN23837734	CCE_LTER_P1908 Upwelling Filament Ocean Acidification Phytoplankton Iron Incubation Experiments
AB472687.1	SRR2558967	0.98	0.69	0.68	SAMN04122730	Leiopathes glaberrima Microbiome Analysis
AB472687.1	SRR3502894	0.98	0.69	0.68	SAMN04998986	Metagenomic assembly of Zika virus
AB472687.1	SRR8062351	0.98	0.69	0.68	SAMN10231891	Microbial Metagenome, Metatranscriptome & Phylogenetic Libraries
AB472687.1	SRR8062353	0.98	0.69	0.68	SAMN10231889	Microbial Metagenome, Metatranscriptome & Phylogenetic Libraries
AB472687.1	SRR3927376	0.98	0.69	0.68	SAMN04569914	Metagenomic analyses of clinical samples from patients with Zika virus infection
AB472687.1	SRR3970040	0.98	0.69	0.68	SAMN05422178	Soil microbial communities from Rifle, Colorado, USA - sediment 13ft 2 metagenome
AB472687.1	SRR9178315	0.98	0.69	0.68	SAMN11874523	HOT ALOHA metagenomic time and depth series
AB472687.1	SRR5208219	0.98	0.69	0.68	SAMN06267451	Anoxygenic and chlorotrophic microbial mat microbial communities from Yellowstone National Park, USA - YNP MS_1500(2)_B MetaT metatranscriptome
AB472687.1	SRR5218118	0.98	0.69	0.68	SAMN06276592	To identify whether there is a threshold of DNA concentration (gDNA input) under which the microbial composition detected in stool samples is not representative of the microbial community
AB472687.1	SRR5371425	0.98	0.69	0.68	SAMN06117832	bovine fecal metagenome raw sequence reads
AB472687.1	SRR5371479	0.98	0.69	0.68	SAMN06117805	bovine fecal metagenome raw sequence reads
AB472687.1	SRR6897220	0.98	0.69	0.68	SAMN08638222	Periprosthetic Joint Metagenome Raw sequence reads
AB472687.1	SRR6897289	0.98	0.69	0.68	SAMN08638116	Periprosthetic Joint Metagenome Raw sequence reads
AB472687.1	SRR6897478	0.98	0.69	0.68	SAMN08638270	Periprosthetic Joint Metagenome Raw sequence reads
AB472687.1	SRR6897483	0.98	0.69	0.68	SAMN08638204	Periprosthetic Joint Metagenome Raw sequence reads
AB472687.1	SRR6897570	0.98	0.69	0.68	SAMN08638291	Periprosthetic Joint Metagenome Raw sequence reads
AB472687.1	SRR6129812	0.98	0.69	0.68	SAMN07641744	Metagenomes from hospital (NICU) surfaces and sinks
AB472687.1	SRR6129816	0.98	0.69	0.68	SAMN07643282	Metagenomes from hospital (NICU) surfaces and sinks
AB472687.1	SRR5460692	0.98	0.69	0.68	SAMN06266326	Populus root and rhizosphere microbial communities from Tennessee, USA - Rhizosphere MetaG P. TD hybrid SRZTD1 metagenome
AB472687.1	SRR5468152	0.98	0.69	0.68	SAMN06267046	Freshwater microbial communities from Lake Bonney liftoff mats and glacier meltwater in Antarctica - BON-02 metagenome
AB472687.1	SRR5468265	0.98	0.69	0.68	SAMN06267168	Estuarine microbial communities from the Columbia River estuary - metaG 1546B-3 metagenome
AB472687.1	SRR5468271	0.98	0.69	0.68	SAMN06267172	Estuarine microbial communities from the Columbia River estuary - metaG 1546C-02 metagenome
AB472687.1	SRR5468434	0.98	0.69	0.68	SAMN06264778	Freshwater sediment microbial communities from Prairie Pothole Lake near Jamestown, North Dakota, USA - PPLs Lake P8 Core (1) Depth 19-21cm May2015 metagenome
AB472687.1	SRR5679021	0.98	0.69	0.68	SAMN06685613	Farm metagenomes conventional and organic
AB472687.1	SRR5788121	0.98	0.69	0.68	SAMN07136868	Marine metagenomes from the bioGEOTRACES project
AB472687.1	SRR5788303	0.98	0.69	0.68	SAMN07136934	Marine metagenomes from the bioGEOTRACES project
AB472687.1	SRR5788386	0.98	0.69	0.68	SAMN07136891	Marine metagenomes from the bioGEOTRACES project
AB472687.1	SRR5822173	0.98	0.69	0.68	SAMN06266129	Plant-associated fungal endosymbiont bacterial communities from Illinois, USA - Mortierella gamsii 1 14PY_25W - Glomeribacter phylotype 2 Resequencing metagenome
AB472687.1	SRR5916567	0.98	0.69	0.68	SAMN07483394	Marine metagenomes Metagenome
AB472687.1	SRR5916806	0.98	0.69	0.68	SAMN07483323	Marine metagenomes Metagenome
AB472687.1	SRR5918458	0.98	0.69	0.68	SAMN07483565	Marine metagenomes Metagenome
AB472687.1	SRR5918466	0.98	0.69	0.68	SAMN07483567	Marine metagenomes Metagenome
AB472687.1	SRR5930709	0.98	0.69	0.68	SAMN07426823	human,microbia Raw sequence reads
AB472687.1	SRR5974585	0.98	0.69	0.68	SAMN07507533	human and microbial Raw sequence reads in intraocular samples
AB472687.1	SRR5974586	0.98	0.69	0.68	SAMN07507533	human and microbial Raw sequence reads in intraocular samples
AB472687.1	SRR5974679	0.98	0.69	0.68	SAMN07507533	human and microbial Raw sequence reads in intraocular samples
AB472687.1	SRR6490096	0.98	0.69	0.68	SAMN07631785	Rhizosphere microbial communities from Sorghum bicolor, Mead, Nebraska, USA - 072115-129_1 metaG metagenome
AB472687.1	SRR6701253	0.98	0.69	0.68	SAMN07507533	Infectious Etiology of Age-related Macular Degeneration
AB472687.1	SRR6701254	0.98	0.69	0.68	SAMN07507533	Infectious Etiology of Age-related Macular Degeneration
AB472687.1	SRR6701345	0.98	0.69	0.68	SAMN07507533	Infectious Etiology of Age-related Macular Degeneration
AB472687.1	SRR6753667	0.98	0.69	0.68	SAMN08563851	Atlantic salmon gut microbiome - effect of essential oils and probiotics
AB472687.1	SRR6837978	0.98	0.69	0.68	SAMN08541382	Study of microbial flora of higher termite gut - multi-omic approach
AB472687.1	SRR6938027	0.98	0.69	0.68	SAMN08863488	Exploring the microbiome of Callinectes sapidus (Maryland blue crab). Raw sequence reads
AB472687.1	SRR6938033	0.98	0.69	0.68	SAMN08863485	Exploring the microbiome of Callinectes sapidus (Maryland blue crab). Raw sequence reads
AB472687.1	SRR6980411	0.98	0.69	0.68	SAMN08776725	Coastal salt marsh microbial communities from the Groves Creek Marsh, Skidaway Island, Georgia - 041411US metaG metagenome
AB472687.1	SRR7027364	0.98	0.69	0.68	SAMN08779145	Soil microbial communities from a riparian zone of the East river system, Colorado, United States – H1m1 metagenome
AB472687.1	SRR7027366	0.98	0.69	0.68	SAMN08776978	Soil microbial communities from a riparian zone of the East river system, Colorado, United States – H1a1 metagenome
AB472687.1	SRR7052208	0.98	0.69	0.68	SAMN08778879	Sediment microbial communities from the Broadkill River, Lewes, Delaware, United States – FRT_3-4_MG metagenome
AB472687.1	SRR7106946	0.98	0.69	0.68	SAMN09058615	Clinical human gut metagenome Metagenomic assembly
AB472687.1	SRR7106951	0.98	0.69	0.68	SAMN09058616	Clinical human gut metagenome Metagenomic assembly
AB472687.1	SRR7145725	0.98	0.69	0.68	SAMN09100685	Comparison of Viral Nucleic Acid Extraction methods
AB472687.1	SRR7215410	0.98	0.69	0.68	SAMN09231766	human synovial fluid Metagenome
AB472687.1	SRR7239372	0.98	0.69	0.68	SAMN09217479	RNA virome in wild birds
AB472687.1	SRR7467835	0.98	0.69	0.68	SAMN09535872	Yap Trench metagenome
AB472687.1	SRR7648332	0.98	0.69	0.68	SAMN09765694	ALOHA Deep Trap Sequencing
AB472687.1	SRR7638329	0.98	0.69	0.68	SAMN09755891	Virome datasets of the Mediterranean Depth Profile
AB472687.1	SRR7825049	0.98	0.69	0.68	SAMN09948733	Viral metagenome from marine sponges Metagenome
AB472687.1	SRR7939951	0.98	0.69	0.68	SAMN10141542	HPV transcription in skin tumors
AB472687.1	SRR7970065	0.98	0.69	0.68	SAMN10181700	Western Antarctic Peninsula Marine Metatranscriptomes
AB472687.1	SRR8426587	0.98	0.69	0.68	SAMN10715772	groundwater metagenome sequencing and assembly
AB472687.1	SRR8426925	0.98	0.69	0.68	SAMN10584400	mollusc metagenome Metagenome
AB472687.1	SRR9089466	0.98	0.69	0.68	SAMN11774702	Gut microbiota dysbiosis in spinal cord injury
AB472687.1	SRR9187692	0.98	0.69	0.68	SAMN11897098	Mangrove Associated Fungi
AB472687.1	SRR9216243	0.98	0.69	0.68	SAMN11974801	Endangered wild salmon infected by newly discovered viruses
AB472687.1	SRR9684945	0.98	0.69	0.68	SAMN12211503	Subgingival metagenome of aggressive periodontitis
AB472687.1	SRR9849954	0.98	0.69	0.68	SAMN12330932	hydrothermal vent Fe mat Raw sequence reads
